<Configuration ID="bda8e54e-64fd-459a-950b-08c4eb0bceb2">
  <Add OfficeClientEdition="64" Channel="MonthlyEnterprise">
    <Product ID="O365ProPlusRetail">
      <Language ID="en-us" />
      <ExcludeApp ID="Access" />
      <ExcludeApp ID="Groove" />
      <ExcludeApp ID="Lync" />
      <ExcludeApp ID="Teams" />
      <ExcludeApp ID="Bing" />
    </Product>
  </Add>
  <Display Level="None" AcceptEULA="TRUE" />
  <Logging Level="Standard" Path="C:\Windows\CCM\Logs\Software" />
  <Property Name="SharedComputerLicensing" Value="1" />
  <Property Name="FORCEAPPSHUTDOWN" Value="TRUE" />
  <Updates Enabled="TRUE" />
  <RemoveMSI />
  <AppSettings />
</Configuration>