<?xml version="1.0" encoding="utf-8"?>
<LayoutModificationTemplate
	xmlns="http://schemas.microsoft.com/Start/2014/LayoutModification"
	xmlns:defaultlayout="http://schemas.microsoft.com/Start/2014/FullDefaultLayout"
	xmlns:start="http://schemas.microsoft.com/Start/2014/StartLayout"
	xmlns:taskbar="http://schemas.microsoft.com/Start/2014/TaskbarLayout"
	Version="1">
  <LayoutOptions StartTileGroupCellWidth="6" StartTileGroupsColumnCount="2" />
  <DefaultLayoutOverride>
    <StartLayoutCollection>
      <defaultlayout:StartLayout GroupCellWidth="6">
        <start:Group Name="Office 365">
          <start:DesktopApplicationTile Size="2x2" Column="0" Row="0" DesktopApplicationID="Microsoft.Office.WINWORD.EXE.15" />
          <start:DesktopApplicationTile Size="2x2" Column="0" Row="2" DesktopApplicationID="Microsoft.Office.OUTLOOK.EXE.15" />
          <start:DesktopApplicationTile Size="2x2" Column="4" Row="2" DesktopApplicationID="com.squirrel.Teams.Teams" />
          <start:DesktopApplicationTile Size="2x2" Column="4" Row="0" DesktopApplicationID="Microsoft.Office.POWERPNT.EXE.15" />
          <start:Tile Size="2x2" Column="2" Row="2" AppUserModelID="Microsoft.Office.OneNote_8wekyb3d8bbwe!microsoft.onenoteim" />
          <start:DesktopApplicationTile Size="2x2" Column="2" Row="0" DesktopApplicationID="Microsoft.Office.EXCEL.EXE.15" />
        </start:Group>
        <start:Group Name="Search &amp; Settings">
          <start:Tile Size="2x2" Column="2" Row="2" AppUserModelID="windows.immersivecontrolpanel_cw5n1h2txyewy!microsoft.windows.immersivecontrolpanel" />
          <start:DesktopApplicationTile Size="2x2" Column="2" Row="0" DesktopApplicationID="Microsoft.Windows.Explorer" />
          <start:DesktopApplicationTile Size="2x2" Column="0" Row="0" DesktopApplicationID="Microsoft.Windows.Computer" />
          <start:DesktopApplicationTile Size="2x2" Column="0" Row="2" DesktopApplicationID="Microsoft.Windows.ControlPanel" />
        </start:Group>
        <start:Group Name="Browsers">
          <start:DesktopApplicationTile Size="2x2" Column="0" Row="0" DesktopApplicationID="MSEdge" />
		  <start:DesktopApplicationTile Size="1x1" Column="2" Row="1" DesktopApplicationID="Chrome" />
        </start:Group>
        <start:Group Name="Software">
          <start:DesktopApplicationTile Size="2x2" Column="0" Row="0" DesktopApplicationID="Microsoft.SoftwareCenter.DesktopToasts" />
          <start:Tile Size="4x2" Column="2" Row="0" AppUserModelID="Microsoft.WindowsStore_8wekyb3d8bbwe!App" />
        </start:Group>
      </defaultlayout:StartLayout>
    </StartLayoutCollection>
  </DefaultLayoutOverride>
    <CustomTaskbarLayoutCollection PinListPlacement="Replace">
      <defaultlayout:TaskbarLayout>
        <taskbar:TaskbarPinList>
	  <taskbar:DesktopApp DesktopApplicationLinkPath="%ALLUSERSPROFILE%\Microsoft\Windows\Start Menu\Programs\Microsoft Edge.lnk" />
          <taskbar:DesktopApp DesktopApplicationLinkPath="%APPDATA%\Microsoft\Windows\Start Menu\Programs\System Tools\File Explorer.lnk" />
          <taskbar:DesktopApp DesktopApplicationLinkPath="%ALLUSERSPROFILE%\Microsoft\Windows\Start Menu\Programs\Outlook.lnk" />
        </taskbar:TaskbarPinList>
	  </defaultlayout:TaskbarLayout>
    </CustomTaskbarLayoutCollection>   
</LayoutModificationTemplate>