<?xml version="1.0" encoding="UTF-8"?>
<DefaultAssociations>
  <Association Identifier=".arw" ProgId="AppX43hnxtbyyps62jhe9sqpdzxn1790zetc" ApplicationName="Photos" />
  <Association Identifier=".bmp" ProgId="AppX43hnxtbyyps62jhe9sqpdzxn1790zetc" ApplicationName="Photos" />
  <Association Identifier=".cr2" ProgId="AppX43hnxtbyyps62jhe9sqpdzxn1790zetc" ApplicationName="Photos" />
  <Association Identifier=".crw" ProgId="AppX43hnxtbyyps62jhe9sqpdzxn1790zetc" ApplicationName="Photos" />
  <Association Identifier=".dib" ProgId="AppX43hnxtbyyps62jhe9sqpdzxn1790zetc" ApplicationName="Photos" />
  <Association Identifier=".erf" ProgId="AppX43hnxtbyyps62jhe9sqpdzxn1790zetc" ApplicationName="Photos" />
  <Association Identifier=".gif" ProgId="AppX43hnxtbyyps62jhe9sqpdzxn1790zetc" ApplicationName="Photos" />
  <Association Identifier=".htm" ProgId="AppX4hxtad77fbk3jkkeerkrm0ze94wjf3s9" ApplicationName="Microsoft Edge" />
  <Association Identifier=".html" ProgId="AppX4hxtad77fbk3jkkeerkrm0ze94wjf3s9" ApplicationName="Microsoft Edge" />
  <Association Identifier=".jfif" ProgId="AppX43hnxtbyyps62jhe9sqpdzxn1790zetc" ApplicationName="Photos" />
  <Association Identifier=".jpe" ProgId="AppX43hnxtbyyps62jhe9sqpdzxn1790zetc" ApplicationName="Photos" />
  <Association Identifier=".jpeg" ProgId="AppX43hnxtbyyps62jhe9sqpdzxn1790zetc" ApplicationName="Photos" />
  <Association Identifier=".jpg" ProgId="AppX43hnxtbyyps62jhe9sqpdzxn1790zetc" ApplicationName="Photos" />
  <Association Identifier=".jxr" ProgId="AppX43hnxtbyyps62jhe9sqpdzxn1790zetc" ApplicationName="Photos" />
  <Association Identifier=".kdc" ProgId="AppX43hnxtbyyps62jhe9sqpdzxn1790zetc" ApplicationName="Photos" />
  <Association Identifier=".MP2" ProgId="WMP11.AssocFile.MP3" ApplicationName="Windows Media Player" />
  <Association Identifier=".mrw" ProgId="AppX43hnxtbyyps62jhe9sqpdzxn1790zetc" ApplicationName="Photos" />
  <Association Identifier=".nef" ProgId="AppX43hnxtbyyps62jhe9sqpdzxn1790zetc" ApplicationName="Photos" />
  <Association Identifier=".nrw" ProgId="AppX43hnxtbyyps62jhe9sqpdzxn1790zetc" ApplicationName="Photos" />
  <Association Identifier=".orf" ProgId="AppX43hnxtbyyps62jhe9sqpdzxn1790zetc" ApplicationName="Photos" />
  <Association Identifier=".pdf" ProgId="AppXd4nrz8ff68srnhf9t5a8sbjyar1cr723" ApplicationName="Microsoft Edge" />
  <Association Identifier=".pef" ProgId="AppX43hnxtbyyps62jhe9sqpdzxn1790zetc" ApplicationName="Photos" />
  <Association Identifier=".png" ProgId="AppX43hnxtbyyps62jhe9sqpdzxn1790zetc" ApplicationName="Photos" />
  <Association Identifier=".raf" ProgId="AppX43hnxtbyyps62jhe9sqpdzxn1790zetc" ApplicationName="Photos" />
  <Association Identifier=".raw" ProgId="AppX43hnxtbyyps62jhe9sqpdzxn1790zetc" ApplicationName="Photos" />
  <Association Identifier=".rw2" ProgId="AppX43hnxtbyyps62jhe9sqpdzxn1790zetc" ApplicationName="Photos" />
  <Association Identifier=".rwl" ProgId="AppX43hnxtbyyps62jhe9sqpdzxn1790zetc" ApplicationName="Photos" />
  <Association Identifier=".sr2" ProgId="AppX43hnxtbyyps62jhe9sqpdzxn1790zetc" ApplicationName="Photos" />
  <Association Identifier=".srw" ProgId="AppX43hnxtbyyps62jhe9sqpdzxn1790zetc" ApplicationName="Photos" />
  <Association Identifier=".tif" ProgId="PhotoViewer.FileAssoc.Tiff" ApplicationName="Windows Photo Viewer" />
  <Association Identifier=".tiff" ProgId="PhotoViewer.FileAssoc.Tiff" ApplicationName="Windows Photo Viewer" />
  <Association Identifier=".txt" ProgId="txtfile" ApplicationName="Notepad" />
  <Association Identifier=".url" ProgId="IE.AssocFile.URL" ApplicationName="Internet Browser" />
  <Association Identifier=".wdp" ProgId="AppX43hnxtbyyps62jhe9sqpdzxn1790zetc" ApplicationName="Photos" />
  <Association Identifier=".website" ProgId="IE.AssocFile.WEBSITE" ApplicationName="Internet Explorer" />
  <Association Identifier="http" ProgId="AppXq0fevzme2pys62n3e0fbqa7peapykr8v" ApplicationName="Microsoft Edge" />
  <Association Identifier="https" ProgId="AppX90nv6nhay5n6a98fnetv7tpk64pp35es" ApplicationName="Microsoft Edge" />
  <Association Identifier="microsoft-edge" ProgId="AppX7rm9drdg8sk7vqndwj3sdjw11x96jc0y" ApplicationName="Microsoft Edge" />
  <Association Identifier="microsoft-edge-holographic" ProgId="AppX3xxs313wwkfjhythsb8q46xdsq8d2cvv" ApplicationName="Microsoft Edge" />
  <Association Identifier="ms-xbl-3d8b930f" ProgId="AppXdn5b0j699ka5fqvrr3pgjad0evqarm6d" ApplicationName="Microsoft Edge" />
</DefaultAssociations>